{"schemaVersion":"1.0","appDefinitionTemplate":{"id":"/providers/Microsoft.PowerApps/apps/","type":"Microsoft.PowerApps/apps","tags":{"primaryDeviceWidth":"1366","primaryDeviceHeight":"768","supportsPortrait":"true","supportsLandscape":"true","primaryFormFactor":"Tablet","publisherVersion":"3.23022.21","minimumRequiredApiVersion":"2.2.0","hasComponent":"true","hasUnlockedComponent":"true","isUnifiedRootApp":"false","sienaVersion":"20230224T052316Z-3.23022.21.0"},"properties":{"appVersion":"2023-02-24T05:23:16Z","lifeCycleId":"Published","createdByClientVersion":{"major":3,"minor":23022,"build":21,"revision":0,"majorRevision":0,"minorRevision":0},"minClientVersion":{"major":3,"minor":23022,"build":21,"revision":0,"majorRevision":0,"minorRevision":0},"backgroundColor":"RGBA(0,176,240,1)","backgroundImageUri":"/15062375443883401125/N47ae7125-240b-42cf-9fd0-5ea7ab2cc910-logoSmallFile","displayName":"Boiler App 2","description":"","commitMessage":"","appUris":{"documentUri":{"value":"/15062375443883401125/N5446884b-31bc-4ed7-b238-d4af0bdaf279-document.msapp"},"imageUris":[],"additionalUris":[]},"createdTime":"0001-01-01T00:00:00Z","lastModifiedTime":"0001-01-01T00:00:00Z","sharedGroupsCount":0,"sharedUsersCount":0,"connectionReferences":{"b29da7f8-6c18-4f59-b3d1-f1dce7df0cab":{"id":"313e3267-5beb-44be-89ef-fc54c9c2bd4f","displayName":"SharePoint","iconUri":"https://connectoricons-prod.azureedge.net/u/juanq/gateway/greyhound/3000.150.11/1.0.1613.3116/sharepointonline/icon.png","dataSources":["RawData"],"dependencies":[],"dependents":[],"parameterHints":{},"parameterHintsV2":{},"isOnPremiseConnection":false,"bypassConsent":false,"dataSets":{"https://welspungroup.sharepoint.com/sites/WCGL-PowerPlantDataSet":{"dataSources":{"RawData":{"tableName":"a3beebdf-df8f-4626-8506-2235a821cd0b"}}}},"apiTier":"Standard","isCustomApiConnection":false,"actions":["providers/PowerPlatform.Governance/Operations/Read","providers/PowerPlatform.Governance/Operations/Write"]}},"databaseReferences":{},"almMode":"Environment","performanceOptimizationEnabled":true,"canConsumeAppPass":true,"enableModernRuntimeMode":false,"executionRestrictions":{"isTeamsOnly":false,"dataLossPreventionEvaluationResult":{"status":"Compliant","lastEvaluationDate":"2023-01-31T12:22:58.3608729Z","violations":[],"violationsByPolicy":[],"violationErrorMessage":"The app uses the following connectors: shared_sharepointonline."}}},"appType":"ClassicCanvasApp","appComponents":[]}}